Top queries,Clicks,Impressions,CTR,Position
廁所地板清潔,2,6,33.33%,10.33
浴室牆壁清潔,1,6,16.67%,10.67
浴室消毒,1,4,25%,6
洗地毯遊戲,1,2,50%,6.5
如何清洗地氈,1,1,100%,1
辦公室清潔,0,509,0%,86.22
地毯清潔,0,431,0%,72.9
office 清潔,0,337,0%,81.86
辦公室清潔公司,0,317,0%,77.44
辦公室消毒,0,309,0%,76.41
深層清潔公司,0,234,0%,44.36
辦公室清潔服務,0,210,0%,82.27
辦公室 深層 清潔,0,209,0%,35.77
地氈清潔,0,157,0%,45.17
除霉公司,0,153,0%,62.13
除霉服務價錢,0,152,0%,40.27
除霉服務,0,152,0%,59.61
地毯消毒,0,140,0%,51.31
浴室清潔,0,127,0%,22.84
辦公室 清潔,0,127,0%,85.82
地氈清潔公司,0,122,0%,52.02
office 清潔公司,0,112,0%,75.49
廚房清潔,0,108,0%,27.97
家居清潔 消毒,0,107,0%,51.21
裝修後清潔,0,104,0%,82.91
深層清潔服務,0,103,0%,57.98
除臭服務,0,93,0%,31.4
地板打蠟公司,0,88,0%,74.62
除臭公司,0,81,0%,30
機械式鑽刮清洗,0,72,0%,45.14
寫字樓清潔公司,0,67,0%,80.07
家居清潔消毒,0,65,0%,52.4
辦公室 消毒,0,62,0%,85.1
浴室,0,58,0%,18.28
辦公室 清潔 消毒,0,58,0%,72.45
辦公室 消毒 服務,0,57,0%,86.65
香港 深層廚房清潔,0,52,0%,6.6
消毒公司 價錢,0,50,0%,48.52
辦公室 清潔 公司,0,46,0%,76.54
寫字樓 包月 清潔,0,46,0%,82.39
辦公室 地毯 公司,0,38,0%,78.05
清潔服務公司,0,36,0%,74.69
包月清潔,0,32,0%,89.53
定期清潔,0,25,0%,34.16
洗廁所,0,24,0%,40.21
除霉菌公司,0,24,0%,63.17
廁所清潔,0,20,0%,11.75
包月 清潔,0,18,0%,89.06
消毒,0,15,0%,71.27
l&s,0,12,0%,8.75
浴室地板清潔,0,12,0%,10
專業 清潔 公司,0,12,0%,76.08
家居消毒,0,10,0%,22
除霉公司推薦,0,10,0%,66.3
寫字樓 消毒,0,10,0%,83.5
浴室清潔方法,0,9,0%,8
清潔地氈,0,9,0%,48.44
清洗浴室,0,8,0%,7.12
商業清潔,0,8,0%,83.88
地板打蠟收費,0,7,0%,59.86
地毯清洗,0,7,0%,78.14
浴室清洗,0,6,0%,5.5
浴室污垢如何清除,0,6,0%,9.67
如何清洗浴室,0,6,0%,11
carpet cleaning simulator,0,6,0%,11.83
廁所清潔公司,0,6,0%,12
浴室 清潔,0,6,0%,18.83
廚房水槽清潔,0,6,0%,29.83
清潔大師,0,5,0%,7.8
消毒公司,0,5,0%,59
清潔浴室,0,4,0%,7.75
如何洗廁所,0,4,0%,11.25
淋紅油清潔公司,0,4,0%,15.5
清洗地氈,0,4,0%,49.25
office cleaning,0,4,0%,64.75
地毯 清潔,0,4,0%,75
深度清潔,0,4,0%,75.75
裝修 後 清潔,0,4,0%,75.75
裝修清潔,0,4,0%,80
清潔 服務 公司,0,4,0%,99
l&s cleaning,0,3,0%,4.67
高鐵 蚊,0,3,0%,7
浴室 地板 清潔,0,3,0%,10
廁所清潔方法,0,3,0%,10.67
高鐵蚊,0,3,0%,11.33
洗廁所地板,0,3,0%,13.67
廁所怎麼洗才乾淨,0,3,0%,19
長時間b run後最佳清潔流程是什麼,0,3,0%,20.67
清潔廁所,0,3,0%,22
地 氈 清潔,0,3,0%,34
廚房 清潔,0,3,0%,35.67
專業消毒,0,3,0%,44.67
洗地氈,0,3,0%,53.33
浴室多久洗一次,0,2,0%,5.5
麗雅,0,2,0%,7
浴室下水道清潔,0,2,0%,8
全屋消毒,0,2,0%,9.5
除菌方法,0,2,0%,10
家居深層清潔服務,0,2,0%,30
清洁公司,0,2,0%,38.5
lo's cleaning services ltd,0,2,0%,49
馬桶清潔,0,2,0%,73
清潔,0,2,0%,81
辦公室 洗 地毯,0,2,0%,91.5
香港大型清潔公司,0,2,0%,93.5
清洗 地毯,0,2,0%,97.5
洗地打蠟,0,2,0%,142.5
kitchen deep c,0,1,0%,1
廁所牆壁清潔,0,1,0%,1
廁所清潔步驟,0,1,0%,4
清洗廁所,0,1,0%,9
衛浴清潔,0,1,0%,9
浴室排水孔清潔,0,1,0%,10
清潔 廚房,0,1,0%,10
廁所打掃,0,1,0%,11
清除浴室霉菌,0,1,0%,11
浴室地板 清潔,0,1,0%,12
浴室黴菌清潔,0,1,0%,12
浴室清洁方法,0,1,0%,14
廁所霉菌清潔,0,1,0%,18
浴室清洁,0,1,0%,20
浴室粉紅色水垢去除,0,1,0%,22
裝修後完整清潔,0,1,0%,26
浴室 霉菌 如何 清除,0,1,0%,33
"""blog"" ""浴室排水""",0,1,0%,35
新居清潔,0,1,0%,35
浴室 霉菌,0,1,0%,37
裝修後清潔介紹,0,1,0%,49
打掃浴室,0,1,0%,57
浴室 除 霉,0,1,0%,61
cleansing services,0,1,0%,80
洗隔油池價錢,0,1,0%,85
香港清潔公司,0,1,0%,97